username,id,role,password,security_identity
admin,100,Admin,pass,ADMIN
harsh2024235,2024235,Student,pass,2024235
aditya2024240,2024240,Student,pass,2024240
priya2024241,2024241,Student,pass,2024241
rahul2024242,2024242,Student,pass,2024242
neha2024243,2024243,Student,pass,2024243
vikram2024244,2024244,Student,pass,2024244
anjali2024245,2024245,Student,pass,2024245
arjun2024246,2024246,Student,pass,2024246
divya2024247,2024247,Student,pass,2024247
ravi2024248,2024248,Student,pass,2024248
sana2024249,2024249,Student,pass,2024249
ains001,INS001,Instructor,pass,INS001
aasimins002,INS002,Instructor,aasim1,INS002
abhijitins003,INS003,Instructor,pass,INS003
angshulins004,INS004,Instructor,pass,INS004
anmolins005,INS005,Instructor,pass,INS005
anubhains006,INS006,Instructor,pass,INS006
anujins007,INS007,Instructor,pass,INS007
anuradhains008,INS008,Instructor,pass,INS008
araniins009,INS009,Instructor,pass,INS009
arjunins010,INS010,Instructor,pass,INS010
arunins011,INS011,Instructor,pass,INS011
ashishins012,INS012,Instructor,pass,INS012
bapiins013,INS013,Instructor,pass,INS013
chanakins014,INS014,Instructor,pass,INS014
debajyotiins015,INS015,Instructor,pass,INS015
debarkains016,INS016,Instructor,pass,INS016
debidasins017,INS017,Instructor,pass,INS017
debikains018,INS018,Instructor,pass,INS018
deepakins019,INS019,Instructor,pass,INS019
diptapriyoins020,INS020,Instructor,pass,INS020
gins021,INS021,Instructor,pass,INS021
ganeshins022,INS022,Instructor,pass,INS022
gauravins023,INS023,Instructor,pass,INS023
gauravins024,INS024,Instructor,pass,INS024
gautamins025,INS025,Instructor,pass,INS025
gayatriins026,INS026,Instructor,pass,INS026
jins027,INS027,Instructor,pass,INS027
jaiendrains028,INS028,Instructor,pass,INS028
jaspreetins029,INS029,Instructor,pass,INS029
kalpanains030,INS030,Instructor,pass,INS030
kaushikins031,INS031,Instructor,pass,INS031
kirtiins032,INS032,Instructor,pass,INS032
manoharins033,INS033,Instructor,pass,INS033
manujins034,INS034,Instructor,pass,INS034
mdins035,INS035,Instructor,pass,INS035
monikains036,INS036,Instructor,pass,INS036
rubiins037,INS037,Instructor,pass,INS037
satchidanandains038,INS038,Instructor,pass,INS038
saketins039,INS039,Instructor,pass,INS039
sambuddhoins040,INS040,Instructor,pass,INS040
sanatins041,INS041,Instructor,pass,INS041
sanjitins042,INS042,Instructor,pass,INS042
sankhyains043,INS043,Instructor,pass,INS043
sarthakins044,INS044,Instructor,pass,INS044
satishins045,INS045,Instructor,pass,INS045
sayanins046,INS046,Instructor,pass,INS046
sayanins047,INS047,Instructor,pass,INS047
shantikins048,INS048,Instructor,pass,INS048
shantikins049,INS049,Instructor,pass,INS049
satishins050,INS050,Instructor,pass,INS050
sayanins051,INS051,Instructor,pass,INS051
sayanins052,INS052,Instructor,pass,INS052
shantikins053,INS053,Instructor,pass,INS053
deepains054,INS054,Instructor,pass,INS054
smritiins055,INS055,Instructor,pass,INS055
snehins056,INS056,Instructor,pass,INS056
sheilains057,INS057,Instructor,pass,INS057
sohomins058,INS058,Instructor,pass,INS058
sonalins059,INS059,Instructor,pass,INS059
soniains060,INS060,Instructor,pass,INS060
souvikins061,INS061,Instructor,pass,INS061
sriramins062,INS062,Instructor,pass,INS062
subhashreeins063,INS063,Instructor,pass,INS063
sujayins064,INS064,Instructor,pass,INS064
sumitins065,INS065,Instructor,pass,INS065
supratimins066,INS066,Instructor,pass,INS066
syamantanatins067,INS067,Instructor,pass,INS067
tammoyins068,INS068,Instructor,pass,INS068
tarunins069,INS069,Instructor,pass,INS069
tarprishins070,INS070,Instructor,pass,INS070
vins071,INS071,Instructor,pass,INS071
venkatains072,INS072,Instructor,pass,INS072
vighnirins073,INS073,Instructor,pass,INS073
vikramins074,INS074,Instructor,pass,INS074
vinayakins075,INS075,Instructor,pass,INS075
vivekins076,INS076,Instructor,pass,INS076
vivekins077,INS077,Instructor,pass,INS077
